{"cameraMode":{"drawMode":0,"name":"Shaded","section":"Shading Mode"},"sceneLighting":true,"audioPlay":false,"sceneViewState":{"showFog":true,"showMaterialUpdate":false,"showSkybox":true,"showFlares":true,"showImageEffects":true,"showParticleSystems":true},"in2DMode":false,"pivot":{"x":0.9622029066085815,"y":-8.188745498657227,"z":15.140727043151856},"rotation":{"x":-0.2755049169063568,"y":-0.03546532988548279,"z":0.010174217633903027,"w":-0.9605945944786072},"size":29.2681941986084,"orthographic":false}